
[
{"id":"1","orden":null,"nombre":"EL ANZUELO","direccion":"Diputado Pedrera 1699","ciudad":"Lanús Oeste ","provincia":"Buenos Aires","pais":"Argentina","tel1":"4262-3191","tel2":"","email":"proveedores@nauticaelanzuelo.com.ar","url":"","latitude":"-34.686736","longitude":"-58.404969","servicio":"0","concesionario":"1","localidad_filter":"concesionario buenos_aires_sur","habilitado":"1","created_at":"2022-06-01 13:20:11","updated_at":"2022-06-01 13:20:11"},
{"id":"2","orden":null,"nombre":"NAUTICA EDUNOR","direccion":"Antártida Argentina 101","ciudad":"Turdera","provincia":"Buenos Aires","pais":"Argentina","tel1":"4231-5663","tel2":"","email":"ventas@edunornautica.com.ar","url":"","latitude":"-34.7900293","longitude":"-58.4097102","servicio":"1","concesionario":"1","localidad_filter":"concesionario servicio buenos_aires_sur","habilitado":"1","created_at":"2022-06-01 13:20:11","updated_at":"2022-06-01 13:20:11"},
{"id":"3","orden":null,"nombre":"ASTILLERO LUNAMAR - Moon PowerBoats","direccion":"Fernando Fader 3400","ciudad":"Benavidez ","provincia":"Buenos Aires","pais":"Argentina","tel1":"1125563030","tel2":"4711-6473","email":"ventas@astillerolunamar.com.ar","url":"","latitude":"-34.405236","longitude":"-58.688175","servicio":"1","concesionario":"1","localidad_filter":"concesionario \r\nservicio\r\nbuenos_aires_norte","habilitado":"1","created_at":"2022-06-01 13:20:11","updated_at":"2022-06-01 13:20:11"},
{"id":"4","orden":null,"nombre":"ASTILLERO PLASMAR (LANCHAS AMARINTA)","direccion":"Lima 1320","ciudad":"Martínez","provincia":"Buenos Aires","pais":"Argentina","tel1":"4717-1693","tel2":"","email":"info@amarinta.com.ar","url":"www.amarinta.com.ar","latitude":"-34.4955645","longitude":"-58.5268324","servicio":"0","concesionario":"1","localidad_filter":"concesionario buenos_aires_norte","habilitado":"1","created_at":"2022-06-01 13:20:11","updated_at":"2022-06-01 13:20:11"},
{"id":"5","orden":null,"nombre":"ASTILLERO BAHAMAS","direccion":"Av. del Libertador 1945","ciudad":"San Fernando","provincia":"Buenos Aires","pais":"Argentina","tel1":"4745-0804","tel2":"","email":"bahamas@arnetbiz.com.ar","url":"","latitude":"-34.4449334","longitude":"-58.5483198","servicio":"1","concesionario":"1","localidad_filter":"concesionario servicio buenos_aires_norte","habilitado":"1","created_at":"2022-06-01 13:20:11","updated_at":"2022-06-01 13:20:11"},
{"id":"6","orden":null,"nombre":"LANCHAS BERMUDA","direccion":"Av. del Libertador 2795","ciudad":"San Fernando","provincia":"Buenos Aires","pais":"Argentina","tel1":"4746-3200","tel2":"","email":"info@lanchasbermuda.com.ar","url":"","latitude":"-34.448376","longitude":"-58.537426","servicio":"0","concesionario":"1","localidad_filter":"concesionario buenos_aires_norte","habilitado":"1","created_at":"2022-06-01 13:20:11","updated_at":"2022-06-01 13:20:11"},
{"id":"7","orden":null,"nombre":"ASTILLEROS NEUMATICOS SRL","direccion":"French 65","ciudad":"San Fernando","provincia":"Buenos Aires","pais":"Argentina","tel1":"4744-2776","tel2":"","email":"info@astillerobim.com.ar","url":"","latitude":"-34.4432329","longitude":"-58.5744807","servicio":"0","concesionario":"1","localidad_filter":"concesionario buenos_aires_norte","habilitado":"1","created_at":"2022-06-01 13:20:11","updated_at":"2022-06-01 13:20:11"},
{"id":"8","orden":null,"nombre":"ASTILLERO PROSAIL","direccion":"Adolfo Alsina 151","ciudad":"San Fernando","provincia":"Buenos Aires","pais":"Argentina","tel1":"115-308-4746","tel2":"","email":"prosailargentina@yahoo.com.ar","url":"","latitude":"-34.434747","longitude":"-58.548112","servicio":"0","concesionario":"1","localidad_filter":"concesionario buenos_aires_norte","habilitado":"1","created_at":"2022-06-01 13:20:11","updated_at":"2022-06-01 13:20:11"},
{"id":"9","orden":null,"nombre":"AUTONAUTICA NYC ","direccion":"Beruti 42","ciudad":"San Fernando","provincia":"Buenos Aires","pais":"Argentina","tel1":"4746-1765","tel2":"","email":"info@autonauticanyc.com","url":"","latitude":"-34.4421551","longitude":"-58.5737064","servicio":"0","concesionario":"1","localidad_filter":"concesionario buenos_aires_norte","habilitado":"1","created_at":"2022-06-01 13:20:11","updated_at":"2022-06-01 13:20:11"},
{"id":"10","orden":null,"nombre":"BARRI OUTBOARDS","direccion":"Av. del Libertador 400","ciudad":"San Fernando","provincia":"Buenos Aires","pais":"Argentina","tel1":"4744-9007","tel2":"","email":"info@nauticabarri.com.ar","url":"","latitude":"-34.4355803","longitude":"-58.5604652","servicio":"1","concesionario":"1","localidad_filter":"concesionario servicio buenos_aires_norte","habilitado":"1","created_at":"2022-06-01 13:20:11","updated_at":"2022-06-01 13:20:11"},
{"id":"11","orden":null,"nombre":"NAUTICA FOLINO","direccion":"Av. Pres. Teniente Gral. Juan D. Perón 2006","ciudad":"San Fernando","provincia":"Buenos Aires","pais":"Argentina","tel1":"4744-4908","tel2":"","email":"info@nauticafolino.com.ar","url":"","latitude":"-34.4460172","longitude":"-58.5486619","servicio":"1","concesionario":"1","localidad_filter":"concesionario servicio buenos_aires_norte","habilitado":"1","created_at":"2022-06-01 13:20:11","updated_at":"2022-06-01 13:20:11"},
{"id":"12","orden":null,"nombre":"NAUTICA BARBOT","direccion":"Alvear 564","ciudad":"San Fernando","provincia":"Buenos Aires","pais":"Argentina","tel1":"4746-9564","tel2":"","email":"info@nauticabarbot.com.ar","url":"","latitude":"-34.433327","longitude":"-58.557953","servicio":"1","concesionario":"1","localidad_filter":"concesionario servicio buenos_aires_norte","habilitado":"1","created_at":"2022-06-01 13:20:11","updated_at":"2022-06-01 13:20:11"},
{"id":"13","orden":null,"nombre":"ASTILLERO VISION","direccion":"Río Luján 1151 ","ciudad":"San Fernando","provincia":"Buenos Aires","pais":"Argentina","tel1":"115-182-7271","tel2":"","email":"correo@astillerovision.com.ar","url":"","latitude":"-34.434932","longitude":"-58.548855","servicio":"1","concesionario":"1","localidad_filter":"concesionario servicio buenos_aires_norte","habilitado":"1","created_at":"2022-06-01 13:20:11","updated_at":"2022-06-01 13:20:11"},
{"id":"14","orden":null,"nombre":"ASTILLERO ARCO IRIS","direccion":"Av. del Libertador 2900","ciudad":"San Fernando","provincia":"Buenos Aires","pais":"Argentina","tel1":"4575-3250","tel2":"","email":"info@astilleroarcoiris.com \/ gonzalo@astilleroarcoiris.com","url":"","latitude":"-34.448861","longitude":"-58.535615","servicio":"1","concesionario":"1","localidad_filter":"concesionario servicio buenos_aires_norte","habilitado":"1","created_at":"2022-06-01 13:20:11","updated_at":"2022-06-01 13:20:11"},
{"id":"15","orden":null,"nombre":"MARTN HUERGO BOATS & YACHTS.","direccion":"Av. del Libertador 15401","ciudad":"San Isidro","provincia":"Buenos Aires","pais":"Argentina","tel1":"4747-0199","tel2":"","email":"martin@martinhuergo.com.ar","url":"","latitude":"-34.4736625","longitude":"-58.5031496","servicio":"0","concesionario":"1","localidad_filter":"concesionario buenos_aires_norte","habilitado":"1","created_at":"2022-06-01 13:20:11","updated_at":"2022-06-01 13:20:11"},
{"id":"16","orden":null,"nombre":"TIGRE PESCA","direccion":"Italia 1654","ciudad":"Tigre","provincia":"Buenos Aires","pais":"Argentina","tel1":"4749-1874","tel2":"","email":"tigrepesca@outlook.com","url":"","latitude":"-34.4223729","longitude":"-58.5792599","servicio":"0","concesionario":"1","localidad_filter":"concesionario buenos_aires_norte","habilitado":"1","created_at":"2022-06-01 13:20:11","updated_at":"2022-06-01 13:20:11"},
{"id":"17","orden":null,"nombre":"ASTILLERO GEUNA","direccion":"Av.del Libertador 18126 ","ciudad":"Béccar ","provincia":"Buenos Aires","pais":"Argentina","tel1":"115845-1350","tel2":"","email":"info@astillerogeuna.com.ar","url":"","latitude":"-34.453228","longitude":"-58.526374","servicio":"1","concesionario":"1","localidad_filter":"concesionario servicio buenos_aires_norte","habilitado":"1","created_at":"2022-06-01 13:20:11","updated_at":"2022-06-01 13:20:11"},
{"id":"18","orden":null,"nombre":"ASTILLERO BENAVIDEZ","direccion":"Carmen de Areco 1650","ciudad":"Tigre","provincia":"Buenos Aires","pais":"Argentina","tel1":"4731-1008","tel2":"","email":"info@astillerobenavidez.com","url":"","latitude":"-34.407924","longitude":"-58.598293","servicio":"1","concesionario":"1","localidad_filter":"concesionario servicio buenos_aires_norte","habilitado":"1","created_at":"2022-06-01 13:20:11","updated_at":"2022-06-01 13:20:11"},
{"id":"19","orden":null,"nombre":"ASTILLERO CANESTRARI HNOS.","direccion":"Schiapapietra 1152","ciudad":"Tigre","provincia":"Buenos Aires","pais":"Argentina","tel1":"4580-5903","tel2":"","email":"gabriel@canestrari.com.ar","url":"","latitude":"-34.436471","longitude":"-58.572425","servicio":"0","concesionario":"1","localidad_filter":"concesionario buenos_aires_norte","habilitado":"1","created_at":"2022-06-01 13:20:11","updated_at":"2022-06-01 13:20:11"},
{"id":"20","orden":null,"nombre":"ASTILLERO OLIMPIC MARINE","direccion":"Galarza 1793","ciudad":"Tigre","provincia":"Buenos Aires","pais":"Argentina","tel1":"4731-4407","tel2":"","email":"info@astolympicmarine.com.ar","url":"","latitude":"-34.4058248","longitude":"-58.5993112","servicio":"0","concesionario":"1","localidad_filter":"concesionario buenos_aires_norte","habilitado":"1","created_at":"2022-06-01 13:20:11","updated_at":"2022-06-01 13:20:11"},
{"id":"21","orden":null,"nombre":"ASTILLERO TRAICO","direccion":"Montevideo 788","ciudad":"Tigre","provincia":"Buenos Aires","pais":"Argentina","tel1":"4749-0385","tel2":"","email":"astillerotraicosa@hotmail.com","url":"","latitude":"-34.433905","longitude":"-58.577671","servicio":"0","concesionario":"1","localidad_filter":"concesionario buenos_aires_norte","habilitado":"1","created_at":"2022-06-01 13:20:11","updated_at":"2022-06-01 13:20:11"},
{"id":"22","orden":null,"nombre":"AZ MARINE","direccion":"Chubut 1632","ciudad":"Tigre","provincia":"Buenos Aires","pais":"Argentina","tel1":"4731-4261","tel2":"","email":"azmarine@arnet.com.ar","url":"","latitude":"-34.4063027","longitude":"-58.5964847","servicio":"0","concesionario":"1","localidad_filter":"concesionario buenos_aires_norte","habilitado":"1","created_at":"2022-06-01 13:20:11","updated_at":"2022-06-01 13:20:11"},
{"id":"23","orden":null,"nombre":"D ORAZIO BOATS","direccion":"Av. Liniers 128","ciudad":"Tigre","provincia":"Buenos Aires","pais":"Argentina","tel1":"4749-5255","tel2":"","email":"dorazioboats@fibertel.com.ar","url":"","latitude":"-34.4095787","longitude":"-58.5920144","servicio":"1","concesionario":"1","localidad_filter":"concesionario servicio buenos_aires_norte","habilitado":"1","created_at":"2022-06-01 13:20:11","updated_at":"2022-06-01 13:20:11"},
{"id":"24","orden":null,"nombre":"COMPLEJO ALBARDON","direccion":"Luis Pereyra 2","ciudad":"Tigre","provincia":"Buenos Aires","pais":"Argentina","tel1":"4731-1060","tel2":"","email":"ventas@complejoalbardon.com.ar","url":"","latitude":"-34.4248949","longitude":"-58.5698901","servicio":"0","concesionario":"1","localidad_filter":"concesionario buenos_aires_norte","habilitado":"1","created_at":"2022-06-01 13:20:11","updated_at":"2022-06-01 13:20:11"},
{"id":"25","orden":null,"nombre":"NAUTICA ANTUNEZ Y NÁUTICA GARRIDO","direccion":"Liniers 150","ciudad":"Tigre","provincia":"Buenos Aires","pais":"Argentina","tel1":"116899-5143","tel2":"116042-6402","email":"ramonantunez@gmail.com","url":"","latitude":"-34.410228","longitude":"-58.592470","servicio":"0","concesionario":"1","localidad_filter":"concesionario buenos_aires_norte","habilitado":"1","created_at":"2022-06-01 13:20:11","updated_at":"2022-06-01 13:20:11"},
{"id":"26","orden":null,"nombre":"NAUTICA GENERAL PAZ","direccion":"Gral. Paz 7871","ciudad":"Ciudadela","provincia":"Buenos Aires","pais":"Argentina","tel1":"116-780-6466","tel2":"","email":"nauticageneralpaz@yahoo.com.ar","url":"","latitude":"-34.626983","longitude":"-58.530593","servicio":"0","concesionario":"1","localidad_filter":"concesionario buenos_aires_oeste","habilitado":"1","created_at":"2022-06-01 13:20:11","updated_at":"2022-06-01 13:20:11"},
{"id":"27","orden":null,"nombre":"BS. AS. AMERICAN BOAT","direccion":"Bulnes 2444","ciudad":"El Palomar","provincia":"Buenos Aires","pais":"Argentina","tel1":"02474-40145","tel2":"","email":"info@astillerobaab.com.ar","url":"","latitude":"-34.628003","longitude":"-58.604225","servicio":"0","concesionario":"1","localidad_filter":"concesionario buenos_aires_oeste","habilitado":"1","created_at":"2022-06-01 13:20:11","updated_at":"2022-06-01 13:20:11"},
{"id":"28","orden":null,"nombre":"NÁUTICA  VANADI","direccion":"Av. Gdor Vergara 4181","ciudad":"Hurlingham","provincia":"Buenos Aires","pais":"Argentina","tel1":"114452 7182","tel2":"115247 1197","email":"nauticavanadi@yahoo.com.ar","url":"","latitude":"-34.593277","longitude":"-58.636084","servicio":"1","concesionario":"1","localidad_filter":"concesionario servicio buenos_aires_oeste","habilitado":"1","created_at":"2022-06-01 13:20:11","updated_at":"2022-06-01 13:20:11"},
{"id":"29","orden":null,"nombre":"AMATO OUTDOOR","direccion":"Pres. Juan D. Perón 2537","ciudad":"San Justo","provincia":"Buenos Aires","pais":"Argentina","tel1":"4441-7057","tel2":"","email":"ventas@amatooutdoor.com.ar \/ amatooutdoor@gmail.com","url":"","latitude":"-34.6709687","longitude":"-58.5640756","servicio":"0","concesionario":"1","localidad_filter":"concesionario buenos_aires_oeste","habilitado":"1","created_at":"2022-06-01 13:20:11","updated_at":"2022-06-01 13:20:11"},
{"id":"30","orden":null,"nombre":"ASTILLERO SHARK","direccion":"Don Bosco 3236","ciudad":"San Justo","provincia":"Buenos Aires","pais":"Argentina","tel1":"112-701-3178","tel2":"","email":"fernandoshark2002@yahoo.com.ar","url":"","latitude":"-34.661768","longitude":null,"servicio":"0","concesionario":"1","localidad_filter":"concesionario buenos_aires_oeste","habilitado":"1","created_at":"2022-06-01 13:20:11","updated_at":"2022-06-01 13:20:11"},
{"id":"31","orden":null,"nombre":"MARINAS DEL PUENTE","direccion":"Ruta 25 y Río Luján","ciudad":"Escobar","provincia":"Buenos Aires","pais":"Argentina","tel1":"0348 9460044","tel2":"","email":"marinasdelpuente@hotmail.com","url":"","latitude":"-34.273015","longitude":"-58.721771","servicio":"1","concesionario":"1","localidad_filter":"concesionario servicio buenos_aires_norte","habilitado":"1","created_at":"2022-06-01 13:20:11","updated_at":"2022-06-01 13:20:11"},
{"id":"32","orden":null,"nombre":"NAUTICA 2000","direccion":"San Martín 1812","ciudad":"Baradero","provincia":"Buenos Aires","pais":"Argentina","tel1":"03329-480862","tel2":"","email":"ventas@nautica2000.com.ar","url":"","latitude":"-33.8286591","longitude":"-59.5207634","servicio":"1","concesionario":"1","localidad_filter":"concesionario servicio buenos_aires_interior","habilitado":"1","created_at":"2022-06-01 13:20:11","updated_at":"2022-06-01 13:20:11"},
{"id":"33","orden":null,"nombre":"ASTILLERO EMBARCACIONES TRAKKER","direccion":"Muñiz 20 y Colectora Oeste 1100","ciudad":"Ingeniero Maschwitz","provincia":"Buenos Aires","pais":"Argentina","tel1":"115228-7277","tel2":"","email":"gustrakker@gmail.com","url":"","latitude":"-34.392440","longitude":"-58.744524","servicio":"1","concesionario":"1","localidad_filter":"concesionario servicio buenos_aires_norte","habilitado":"1","created_at":"2022-06-01 13:20:11","updated_at":"2022-06-01 13:20:11"},
{"id":"34","orden":null,"nombre":"NAUTICA SP","direccion":"Crucero Gral. Belgrano 2695","ciudad":"San Pedro","provincia":"Buenos Aires","pais":"Argentina","tel1":"03329-15592388","tel2":"","email":"spnautica@hotmail.es","url":"","latitude":"-33.7017419","longitude":"-59.6549631","servicio":"0","concesionario":"1","localidad_filter":"concesionario buenos_aires_interior","habilitado":"1","created_at":"2022-06-01 13:20:11","updated_at":"2022-06-01 13:20:11"},
{"id":"35","orden":null,"nombre":"AGUINAGA CARLOS","direccion":"Av. Intendente De la Sota 394","ciudad":"Junín","provincia":"Buenos Aires","pais":"Argentina","tel1":"02364-15568993","tel2":"","email":"aguinagacarlos@speedy.com.ar","url":"","latitude":"-34.583902","longitude":"-60.964210","servicio":"1","concesionario":"1","localidad_filter":"concesionario servicio buenos_aires_interior","habilitado":"1","created_at":"2022-06-01 13:20:11","updated_at":"2022-06-01 13:20:11"},
{"id":"36","orden":null,"nombre":"JUNIN MARINE","direccion":"Dr. Benito de Miguel 1066","ciudad":"Junín","provincia":"Buenos Aires","pais":"Argentina","tel1":"02364-4424359","tel2":"","email":"juninmarine@hotmail.com","url":"","latitude":"-34.603823","longitude":"-60.964612","servicio":"0","concesionario":"1","localidad_filter":"concesionario buenos_aires_interior","habilitado":"1","created_at":"2022-06-01 13:20:11","updated_at":"2022-06-01 13:20:11"},
{"id":"37","orden":null,"nombre":"MUNDO NAUTICO","direccion":"Calle 59, Casco Urbano","ciudad":"La Plata","provincia":"Buenos Aires","pais":"Argentina","tel1":"0221-3538448","tel2":"","email":"efs_nautica@hotmail.com","url":"","latitude":"-34.928843","longitude":"-57.952535","servicio":"0","concesionario":"1","localidad_filter":"concesionario buenos_aires_sur","habilitado":"1","created_at":"2022-06-01 13:20:11","updated_at":"2022-06-01 13:20:11"},
{"id":"38","orden":null,"nombre":"LATITUD 1860","direccion":"Diagonal 74 y 120","ciudad":"La Plata","provincia":"Buenos Aires","pais":"Argentina","tel1":"0221-4517665","tel2":"","email":"javier1860@hotmail.com","url":"","latitude":"-34.8896976","longitude":"-57.9569628","servicio":"0","concesionario":"1","localidad_filter":"concesionario buenos_aires_sur","habilitado":"1","created_at":"2022-06-01 13:20:11","updated_at":"2022-06-01 13:20:11"},
{"id":"39","orden":null,"nombre":"NEW PORT","direccion":"Av. de los Trabajadores 201","ciudad":"Mar del Plata","provincia":"Buenos Aires","pais":"Argentina","tel1":"0223-4800606","tel2":"","email":"newportmarine@infovia.com.ar","url":"","latitude":"-38.0425273","longitude":"-57.5434668","servicio":"1","concesionario":"1","localidad_filter":"concesionario servicio buenos_aires_interior","habilitado":"1","created_at":"2022-06-01 13:20:11","updated_at":"2022-06-01 13:20:11"},
{"id":"40","orden":null,"nombre":"GUARDERIA CHASCOMUS","direccion":"Lucero 49","ciudad":"Chascomús","provincia":"Buenos Aires","pais":"Argentina","tel1":"02241-425738","tel2":"","email":"guarderianautica_chascomus@hotmail.com","url":"","latitude":"-35.6239264","longitude":"-58.0167434","servicio":"0","concesionario":"1","localidad_filter":"concesionario buenos_aires_interior","habilitado":"1","created_at":"2022-06-01 13:20:11","updated_at":"2022-06-01 13:20:11"},
{"id":"41","orden":null,"nombre":"IHIGO ALFREDO HORACIO","direccion":"Calle 65 Nº 2958","ciudad":"Necochea","provincia":"Buenos Aires","pais":"Argentina","tel1":"02262-430808","tel2":"","email":"ihigonautica@gmail.com","url":"","latitude":"-38.5542791","longitude":"-58.7457628","servicio":"1","concesionario":"1","localidad_filter":"concesionario servicio buenos_aires_interior","habilitado":"1","created_at":"2022-06-01 13:20:11","updated_at":"2022-06-01 13:20:11"},
{"id":"42","orden":null,"nombre":"ASTILLERO LAKE","direccion":"Blas Parera 654","ciudad":"Gral. Pacheco","provincia":"Buenos Aires","pais":"Argentina","tel1":"4740-1762","tel2":"","email":"lakes_nautica@hotmail.com","url":"","latitude":"-34.45731","longitude":"-58.6548203","servicio":"0","concesionario":"1","localidad_filter":"concesionario buenos_aires_interior","habilitado":"1","created_at":"2022-06-01 13:20:11","updated_at":"2022-06-01 13:20:11"},
{"id":"43","orden":null,"nombre":"LA CASA DEL PESCADOR","direccion":"Echeverria 383","ciudad":"Pergamino","provincia":"Buenos Aires","pais":"Argentina","tel1":"02477-434037","tel2":"2477-231348","email":"sbiaggi@outlook.com.ar \/ lacasadelpescador_perg@hotmail.com","url":"","latitude":"-33.891798","longitude":"-60.5691626","servicio":"0","concesionario":"1","localidad_filter":"concesionario buenos_aires_interior","habilitado":"1","created_at":"2022-06-01 13:20:11","updated_at":"2022-06-01 13:20:11"},
{"id":"44","orden":null,"nombre":"NÁUTICA RUBI","direccion":"9 de Julio 948","ciudad":"Bernal","provincia":"Buenos Aires","pais":"Argentina","tel1":"113182 0575","tel2":"","email":"info@nauticarubi.com.ar","url":"","latitude":"-34.733806","longitude":"-58.272204","servicio":"0","concesionario":"1","localidad_filter":"concesionario buenos_aires_sur","habilitado":"0","created_at":"2022-06-01 13:20:11","updated_at":"2022-06-01 13:20:11"},
{"id":"45","orden":null,"nombre":"ASTILLERO SEA RUNNER","direccion":"Comodoro Rivadavia 691","ciudad":"Bernal Oeste","provincia":"Buenos Aires","pais":"Argentina","tel1":"116155 6688","tel2":"","email":"info@sea-runner.com.ar","url":"","latitude":"-34.7223138","longitude":"-58.2852045","servicio":"0","concesionario":"1","localidad_filter":"concesionario buenos_aires_sur","habilitado":"1","created_at":"2022-06-01 13:20:11","updated_at":"2022-06-01 13:20:11"},
{"id":"46","orden":null,"nombre":"NAUTICA EL PIQUE","direccion":"Garibaldi 74","ciudad":"Quilmes","provincia":"Buenos Aires","pais":"Argentina","tel1":"115481-5962","tel2":"","email":"nauticaelpique@hotmail.com","url":"","latitude":"-34.724837","longitude":" -58.258530","servicio":"0","concesionario":"1","localidad_filter":"concesionario buenos_aires_sur","habilitado":"1","created_at":"2022-06-01 13:20:11","updated_at":"2022-06-01 13:20:11"},
{"id":"47","orden":null,"nombre":"NAUTITECNICA","direccion":"San Martín 643","ciudad":"Villa Ramallo","provincia":"Buenos Aires","pais":"Argentina","tel1":"03407-15406684","tel2":"","email":"info@nautitecnica.com.ar","url":"","latitude":"-33.496588","longitude":"-60.061395","servicio":"1","concesionario":"1","localidad_filter":"concesionario servicio buenos_aires","habilitado":"1","created_at":"2022-06-01 13:20:11","updated_at":"2022-06-01 13:20:11"},
{"id":"48","orden":null,"nombre":"ASTILLERO VIKING","direccion":"Pío Díaz 593","ciudad":"Saenz Peña","provincia":"Buenos Aires","pais":"Argentina","tel1":"4757-4131","tel2":"","email":"info@astillerosviking.com.ar","url":"","latitude":"-34.5994255","longitude":"-58.5299467","servicio":"0","concesionario":"1","localidad_filter":"concesionario buenos_aires_interior","habilitado":"1","created_at":"2022-06-01 13:20:11","updated_at":"2022-06-01 13:20:11"},
{"id":"49","orden":null,"nombre":"ASTILLERO BAADER","direccion":"Calle 10 Nº 1081","ciudad":"San Clemente del Tuyú","provincia":"Buenos Aires","pais":"Argentina","tel1":"2257 404040","tel2":"2257 557470","email":"alejandrobaader@yahoo.com.ar \/ contacto@astillerobaader.com.ar","url":"","latitude":"-36.341734","longitude":"-56.743169","servicio":"1","concesionario":"1","localidad_filter":"concesionario servicio buenos_aires_interior","habilitado":"1","created_at":"2022-06-01 13:20:11","updated_at":"2022-06-01 13:20:11"},
{"id":"50","orden":null,"nombre":"NÁUTICA EL TIMON","direccion":"Av. Alberdi 136","ciudad":"San Nicolás de Los Arroyos","provincia":"Buenos Aires","pais":"Argentina","tel1":"0336-154180943","tel2":"","email":"nauticaeltimon@hotmail.com","url":"","latitude":"-33.3259759","longitude":"-60.2222264","servicio":"0","concesionario":"1","localidad_filter":"concesionario buenos_aires_interior","habilitado":"1","created_at":"2022-06-01 13:20:11","updated_at":"2022-06-01 13:20:11"},
{"id":"51","orden":null,"nombre":"LOPEZ ANGEL ALBERTO","direccion":"Av. Caseros 766","ciudad":"Tres Arroyos","provincia":"Buenos Aires","pais":"Argentina","tel1":"02983-427156","tel2":"","email":"nauticairos@yahoo.com.ar","url":"","latitude":"-38.3789951","longitude":"-60.2928815","servicio":"0","concesionario":"1","localidad_filter":"concesionario buenos_aires_sur","habilitado":"1","created_at":"2022-06-01 13:20:11","updated_at":"2022-06-01 13:20:11"},
{"id":"52","orden":null,"nombre":"ASTILLERO PRINZ BOATS","direccion":"Pedro Enriquez Ureña 95","ciudad":"Villa de Mayo","provincia":"Buenos Aires","pais":"Argentina","tel1":"4463-6798 \/ 1163613847","tel2":"","email":"info@prinzboats.com.ar","url":"","latitude":"-34.512110","longitude":"-58.664609","servicio":"0","concesionario":"1","localidad_filter":"concesionario buenos_aires_norte","habilitado":"1","created_at":"2022-06-01 13:20:11","updated_at":"2022-06-01 13:20:11"},
{"id":"53","orden":null,"nombre":"ARRAMBIDE ALBERTO FERNANDO","direccion":"Gral. Roca 55","ciudad":"Zárate","provincia":"Buenos Aires","pais":"Argentina","tel1":"03487-422183","tel2":"","email":"lorenaarrambide@hotmail.com","url":"","latitude":"-34.0945968","longitude":"-59.0219109","servicio":"1","concesionario":"1","localidad_filter":"concesionario servicio buenos_aires_norte","habilitado":"0","created_at":"2022-06-01 13:20:11","updated_at":"2022-06-01 13:20:11"},
{"id":"54","orden":null,"nombre":"NAUTICA BIGUA","direccion":"Doctor Félix Pagola 265","ciudad":"Zárate","provincia":"Buenos Aires","pais":"Argentina","tel1":"03487-441351","tel2":"","email":"nauticabigua@yahoo.com.ar","url":"","latitude":"-34.0936888","longitude":"-59.0264315","servicio":"1","concesionario":"1","localidad_filter":"concesionario servicio buenos_aires_norte","habilitado":"1","created_at":"2022-06-01 13:20:11","updated_at":"2022-06-01 13:20:11"},
{"id":"55","orden":null,"nombre":"CHACO MARINE S.A.","direccion":"Belgrano 215","ciudad":"Resistencia","provincia":"Chaco","pais":"Argentina","tel1":"362 4532761","tel2":"","email":"aliciadellorto@hotmail.com","url":"","latitude":"-27.448954","longitude":"-58.992538","servicio":"0","concesionario":"1","localidad_filter":"concesionario chaco","habilitado":"1","created_at":"2022-06-01 13:20:11","updated_at":"2022-06-01 13:20:11"},
{"id":"56","orden":null,"nombre":"NAUTICA SR","direccion":"Brigadier Juan Manuel de Rosas 3394","ciudad":"Resistencia","provincia":"Chaco","pais":"Argentina","tel1":"0362-15552671","tel2":"","email":"nauticasr@hotmail.com","url":"","latitude":"-27.409498","longitude":"-58.983316","servicio":"1","concesionario":"1","localidad_filter":"concesionario servicio chaco","habilitado":"1","created_at":"2022-06-01 13:20:11","updated_at":"2022-06-01 13:20:11"},
{"id":"57","orden":null,"nombre":"MASSIN NAUTICA","direccion":"9 de Julio 1897","ciudad":"Corrientes","provincia":"Corrientes","pais":"Argentina","tel1":"0379-4436120","tel2":"","email":"massinnautica@gmail.com","url":"","latitude":"-27.4671634","longitude":"-58.8279203","servicio":"1","concesionario":"1","localidad_filter":"concesionario servicio corrientes","habilitado":"1","created_at":"2022-06-01 13:20:11","updated_at":"2022-06-01 13:20:11"},
{"id":"58","orden":null,"nombre":"NÁUTICA VICENTIN","direccion":"Av. Sarmiento 630","ciudad":"Goya","provincia":"Corrientes","pais":"Argentina","tel1":"03777-420319","tel2":"3777 446318","email":"nauticavicentin@hotmail.com","url":"","latitude":"-29.155134","longitude":"-59.2690297","servicio":"0","concesionario":"1","localidad_filter":"concesionario corrientes","habilitado":"1","created_at":"2022-06-01 13:20:11","updated_at":"2022-06-01 13:20:11"},
{"id":"59","orden":null,"nombre":"SCHELLER Y CIA","direccion":"Mariano I. Loza 97","ciudad":"Goya","provincia":"Corrientes","pais":"Argentina","tel1":"03777-422793","tel2":"","email":"schellerycia@hotmail.com","url":"","latitude":"-29.1448431","longitude":"-59.2582111","servicio":"1","concesionario":"1","localidad_filter":"concesionario servicio corrientes","habilitado":"1","created_at":"2022-06-01 13:20:11","updated_at":"2022-06-01 13:20:11"},
{"id":"60","orden":null,"nombre":"ASTILLERO RG NAVAL","direccion":"Av. Juan Domingo Peron 2389","ciudad":"Goya","provincia":"Corrientes","pais":"Argentina","tel1":"03777-434762","tel2":"","email":"rodrigo@rgnaval.com","url":"","latitude":"-29.160901","longitude":"-59.268419","servicio":"0","concesionario":"1","localidad_filter":"concesionario corrientes","habilitado":"1","created_at":"2022-06-01 13:20:11","updated_at":"2022-06-01 13:20:11"},
{"id":"61","orden":null,"nombre":"CABAÑAS DON JULIAN","direccion":"Barrio Don Julián","ciudad":"Paso de la Patria","provincia":"Corrientes","pais":"Argentina","tel1":"3794 227444","tel2":"3794 4326160","email":"donjulian.reservas@gmail.com","url":"","latitude":"-27.324209","longitude":"-58.602571","servicio":"0","concesionario":"1","localidad_filter":"concesionario corrientes","habilitado":"1","created_at":"2022-06-01 13:20:11","updated_at":"2022-06-01 13:20:11"},
{"id":"62","orden":null,"nombre":"NAUTIBOR","direccion":"Av. Ituzaingo 1952","ciudad":"Ituzaingó","provincia":"Corrientes","pais":"Argentina","tel1":"03786-420551","tel2":"","email":"nautibor@hotmail.com","url":"","latitude":"-27.3897127","longitude":"-55.9044295","servicio":"1","concesionario":"1","localidad_filter":"concesionario servicio corrientes","habilitado":"1","created_at":"2022-06-01 13:20:11","updated_at":"2022-06-01 13:20:11"},
{"id":"63","orden":null,"nombre":"NÁUTICA AGUAS CLARAS","direccion":"Mariano Moreno 1724","ciudad":"Ituzaingó","provincia":"Corrientes","pais":"Argentina","tel1":"03786-420013","tel2":"3786 615822","email":"nauticaguasclaras@hotmail.com","url":"","latitude":"-27.589909","longitude":"-56.68927","servicio":"1","concesionario":"1","localidad_filter":"concesionario servicio corrientes","habilitado":"1","created_at":"2022-06-01 13:20:11","updated_at":"2022-06-01 13:20:11"},
{"id":"64","orden":null,"nombre":"MOTONAUTICA CASEROS","direccion":"Alvear 490","ciudad":"Monte Caseros","provincia":"Corrientes","pais":"Argentina","tel1":"03775-422862","tel2":"","email":"motonautica-caseros@hotmail.com","url":"","latitude":"-30.2494278","longitude":"-57.6296874","servicio":"0","concesionario":"1","localidad_filter":"concesionario corrientes","habilitado":"1","created_at":"2022-06-01 13:20:11","updated_at":"2022-06-01 13:20:11"},
{"id":"65","orden":null,"nombre":"ASTILLERO CAMPANILI","direccion":"Av. Fuerza Aérea Argentina 4136","ciudad":"Córdoba Capital","provincia":"Córdoba","pais":"Argentina","tel1":"0351-465-0575 \/ 0028","tel2":"","email":"info@campanili.com.ar","url":"","latitude":"-31.4322903","longitude":"-64.2418463","servicio":"1","concesionario":"1","localidad_filter":"concesionario servicio cordoba","habilitado":"1","created_at":"2022-06-01 13:20:11","updated_at":"2022-06-01 13:20:11"},
{"id":"66","orden":null,"nombre":"ASTILLERO MUNDO NÁUTICO","direccion":"Av. Monseñor Pablo Cabrera 2040","ciudad":"Córdoba Capital","provincia":"Córdoba","pais":"Argentina","tel1":"0351-4894483","tel2":"","email":"astillerovictoria@gmail.com","url":"","latitude":"-31.3862903","longitude":"-64.2054222","servicio":"0","concesionario":"1","localidad_filter":"concesionario  cordoba","habilitado":"1","created_at":"2022-06-01 13:20:11","updated_at":"2022-06-01 13:20:11"},
{"id":"67","orden":null,"nombre":"ASTILLERO PIANA","direccion":"Los Incas 2317","ciudad":"Córdoba Capital","provincia":"Córdoba","pais":"Argentina","tel1":"0351-4583713","tel2":"","email":"astilleropiana@hotmail.com","url":"","latitude":"-31.435849","longitude":"-64.170584","servicio":"0","concesionario":"1","localidad_filter":"concesionario cordoba","habilitado":"1","created_at":"2022-06-01 13:20:11","updated_at":"2022-06-01 13:20:11"},
{"id":"68","orden":null,"nombre":"ASTILLERO TECNO","direccion":"Av. Perón 1625","ciudad":"Malagueño","provincia":"Córdoba","pais":"Argentina","tel1":"0351-152182022","tel2":"","email":"oscarcarpanetto@astillerotecno.com.ar","url":"","latitude":"-31.456072","longitude":"-64.348697","servicio":"0","concesionario":"1","localidad_filter":"concesionario cordoba","habilitado":"1","created_at":"2022-06-01 13:20:11","updated_at":"2022-06-01 13:20:11"},
{"id":"69","orden":null,"nombre":"NAUTICA TORRES","direccion":"Lago Nahuel Huapi y Ruta A 005","ciudad":"Río Cuarto","provincia":"Córdoba","pais":"Argentina","tel1":"0358-4623060","tel2":"","email":"nautica_torres@hotmail.com","url":"","latitude":"-33.100415","longitude":"-64.374313","servicio":"1","concesionario":"1","localidad_filter":"concesionario servicio cordoba","habilitado":"1","created_at":"2022-06-01 13:20:11","updated_at":"2022-06-01 13:20:11"},
{"id":"70","orden":null,"nombre":"ASTILLERO FUENTES","direccion":"Boulevard España 580","ciudad":"Villa María","provincia":"Córdoba","pais":"Argentina","tel1":"0353-4534100","tel2":"","email":"administracion@astillerofuentes.com.ar","url":"","latitude":"-32.4030485","longitude":"-63.2440329","servicio":"1","concesionario":"1","localidad_filter":"concesionario servicio cordoba","habilitado":"1","created_at":"2022-06-01 13:20:11","updated_at":"2022-06-01 13:20:11"},
{"id":"71","orden":null,"nombre":"NAUTICA MAGNUM SRL","direccion":"M. Belgrano 254","ciudad":"Villa María","provincia":"Córdoba","pais":"Argentina","tel1":"0353 4520800","tel2":"","email":"cravarezzajj@gmail.com","url":"","latitude":"-32.4137719","longitude":"-63.2432586","servicio":"0","concesionario":"1","localidad_filter":"concesionario cordoba","habilitado":"1","created_at":"2022-06-01 13:20:11","updated_at":"2022-06-01 13:20:11"},
{"id":"72","orden":null,"nombre":"MOTOSIERRAS Y NAUTICA CHAJARI","direccion":"Av. Alem 1850","ciudad":"Chajarí","provincia":"Entre Ríos","pais":"Argentina","tel1":"03456-423061","tel2":"","email":"mnchajari1850@gmail.com","url":"","latitude":"-30.7755151","longitude":"-57.9788434","servicio":"0","concesionario":"1","localidad_filter":"concesionario entre_rios","habilitado":"1","created_at":"2022-06-01 13:20:11","updated_at":"2022-06-01 13:20:11"},
{"id":"73","orden":null,"nombre":"NAUTICA COLON","direccion":"San Martín 951 ","ciudad":"Colón","provincia":"Entre Ríos","pais":"Argentina","tel1":" 03447-15501036","tel2":"","email":"nauticacolon@hotmail.com","url":"","latitude":"-32.228577","longitude":"-58.150235","servicio":"0","concesionario":"1","localidad_filter":"concesionario entre_rios","habilitado":"1","created_at":"2022-06-01 13:20:11","updated_at":"2022-06-01 13:20:11"},
{"id":"74","orden":null,"nombre":"NAUTICA COOK","direccion":"Rocamora 378","ciudad":"Concepción del Uruguay","provincia":"Entre Ríos","pais":"Argentina","tel1":"03442-427838","tel2":"","email":"administracion@cooknautica.com.ar","url":"","latitude":"-32.481703","longitude":"-58.228038","servicio":"1","concesionario":"1","localidad_filter":"concesionario servicio entre_rios","habilitado":"1","created_at":"2022-06-01 13:20:11","updated_at":"2022-06-01 13:20:11"},
{"id":"75","orden":null,"nombre":"FRACALOSSI","direccion":"San Lorenzo Oeste 86","ciudad":"Concordia","provincia":"Entre Ríos","pais":"Argentina","tel1":"0345-4210103","tel2":"","email":"fracalossimotos@arnet.com.ar","url":"","latitude":"-31.385432","longitude":"-58.014326","servicio":"0","concesionario":"1","localidad_filter":"concesionario entre_rios","habilitado":"1","created_at":"2022-06-01 13:20:11","updated_at":"2022-06-01 13:20:11"},
{"id":"76","orden":null,"nombre":"MOTOR HAUS","direccion":"San Lorenzo Oeste 1248","ciudad":"Concordia","provincia":"Entre Ríos","pais":"Argentina","tel1":"0345-4256258","tel2":"","email":"motorhausyamaha@gmail.com","url":"","latitude":"-31.3847208","longitude":"-58.0196686","servicio":"0","concesionario":"1","localidad_filter":"concesionario entre_rios","habilitado":"1","created_at":"2022-06-01 13:20:11","updated_at":"2022-06-01 13:20:11"},
{"id":"77","orden":null,"nombre":"SPEED MOTORS","direccion":"Acceso Avellaneda 1156","ciudad":"Crespo","provincia":"Entre Ríos","pais":"Argentina","tel1":"0343 4954780","tel2":"","email":"speed-motors@hotmail.com","url":"","latitude":"-32.018567","longitude":"-60.302258","servicio":"0","concesionario":"1","localidad_filter":"concesionario entre_rios","habilitado":"1","created_at":"2022-06-01 13:20:11","updated_at":"2022-06-01 13:20:11"},
{"id":"78","orden":null,"nombre":"NAUTICA CHACABUCO","direccion":"Primer Entrerriano 416","ciudad":"Gualeguay","provincia":"Entre Ríos","pais":"Argentina","tel1":"03444-15417298","tel2":"","email":"nautica@arnet.com.ar","url":"","latitude":"-33.147606","longitude":"-59.305633","servicio":"1","concesionario":"1","localidad_filter":"concesionario servicio entre_rios","habilitado":"1","created_at":"2022-06-01 13:20:11","updated_at":"2022-06-01 13:20:11"},
{"id":"79","orden":null,"nombre":"FARABELLO CARLOS JORGE","direccion":"Maipu 130","ciudad":"Gualeguaychú","provincia":"Entre Ríos","pais":"Argentina","tel1":"03446-427541","tel2":"","email":"nauticafarabello@gmail.com","url":"","latitude":"-33.0107326","longitude":"-58.5197333","servicio":"1","concesionario":"1","localidad_filter":"concesionario servicio entre_rios","habilitado":"1","created_at":"2022-06-01 13:20:11","updated_at":"2022-06-01 13:20:11"},
{"id":"80","orden":null,"nombre":"NAUTICA PETREL","direccion":"Av. Laurencena 280","ciudad":"Paraná","provincia":"Entre Ríos","pais":"Argentina","tel1":"0343-4235073","tel2":"","email":"seamaxfabrica@gmail.com","url":"","latitude":"-31.7189465","longitude":"-60.5272217","servicio":"0","concesionario":"1","localidad_filter":"concesionario entre_rios","habilitado":"1","created_at":"2022-06-01 13:20:11","updated_at":"2022-06-01 13:20:11"},
{"id":"81","orden":null,"nombre":"ASTILLERO LERCH","direccion":"Francia 2726","ciudad":"Paraná","provincia":"Entre Ríos","pais":"Argentina","tel1":"0343-4261335","tel2":"","email":"astillerolerch@yahoo.com.ar","url":"","latitude":"-31.7530861","longitude":"-60.4842015","servicio":"1","concesionario":"1","localidad_filter":"concesionario servicio entre_rios","habilitado":"1","created_at":"2022-06-01 13:20:11","updated_at":"2022-06-01 13:20:11"},
{"id":"82","orden":null,"nombre":"ESTERGAARD JACOBSEN JOSE","direccion":"Arroyo Brazo Chico","ciudad":"Islas del Ibicuy","provincia":"Entre Ríos","pais":"Argentina","tel1":"03446-357744","tel2":"","email":"deltajacobsen@hotmail.com","url":"","latitude":"-33.779095","longitude":"-58.564333","servicio":"1","concesionario":"1","localidad_filter":"concesionario servicio entre_rios","habilitado":"1","created_at":"2022-06-01 13:20:11","updated_at":"2022-06-01 13:20:11"},
{"id":"83","orden":null,"nombre":"ALMACEN NAUTICO","direccion":"Rotonda Acceso La Paz","ciudad":"La Paz","provincia":"Entre Ríos","pais":"Argentina","tel1":"03437-15459995","tel2":"","email":"almacennautico@yahoo.com.ar","url":"","latitude":"-30.744841","longitude":"-59.581197","servicio":"1","concesionario":"1","localidad_filter":"concesionario servicio entre_rios","habilitado":"1","created_at":"2022-06-01 13:20:11","updated_at":"2022-06-01 13:20:11"},
{"id":"84","orden":null,"nombre":"GAMBELIN","direccion":"Av. Congreso y Bvd. Mariano Moreno","ciudad":"Victoria","provincia":"Entre Ríos","pais":"Argentina","tel1":"03436-15613400","tel2":"","email":"nautica_gambelin@hotmail.com","url":"","latitude":"-32.625377","longitude":"-60.162212","servicio":"1","concesionario":"1","localidad_filter":"concesionario servicio entre_rios","habilitado":"0","created_at":"2022-06-01 13:20:11","updated_at":"2022-06-01 13:20:11"},
{"id":"85","orden":null,"nombre":"GUARDERIA COSTA BRAVA","direccion":"Rosa Insfran U. de Molina 51","ciudad":"Formosa","provincia":"Formosa","pais":"Argentina","tel1":"0370-4432995","tel2":"","email":"nauticacostabrava@hotmail.com","url":"","latitude":"-26.192975","longitude":"-58.152915","servicio":"1","concesionario":"1","localidad_filter":"concesionario servicio formosa","habilitado":"1","created_at":"2022-06-01 13:20:11","updated_at":"2022-06-01 13:20:11"},
{"id":"86","orden":null,"nombre":"VERA MOTOS","direccion":"España 672","ciudad":"Formosa","provincia":"Formosa","pais":"Argentina","tel1":"0370-4423854","tel2":"","email":"veramotos@arnetbiz.com.ar","url":"","latitude":"-26.1831427","longitude":"-58.1719341","servicio":"0","concesionario":"1","localidad_filter":"concesionario formosa","habilitado":"1","created_at":"2022-06-01 13:20:11","updated_at":"2022-06-01 13:20:11"},
{"id":"87","orden":null,"nombre":"NAUTICA FORMOSA","direccion":"Hipólito Yrigoyen 10","ciudad":"Formosa","provincia":"Formosa","pais":"Argentina","tel1":"0370-4422757","tel2":"","email":"lucianasevi@hotmail.com","url":"","latitude":"-26.1856327","longitude":"-58.1645679","servicio":"0","concesionario":"1","localidad_filter":"concesionario formosa","habilitado":"1","created_at":"2022-06-01 13:20:11","updated_at":"2022-06-01 13:20:11"},
{"id":"88","orden":null,"nombre":"BECARES LA NAUTICA","direccion":"Acceso Sur 831","ciudad":"Godoy Cruz","provincia":"Mendoza","pais":"Argentina","tel1":"0261-4522981","tel2":"","email":"agustinabecares@becareslanautica.com.ar","url":"","latitude":"-32.937793","longitude":" -68.829305","servicio":"1","concesionario":"1","localidad_filter":"concesionario servicio mendoza","habilitado":"1","created_at":"2022-06-01 13:20:11","updated_at":"2022-06-01 13:20:11"},
{"id":"89","orden":null,"nombre":"ABALOS NAUTICA","direccion":"José Paez 1480","ciudad":"San Rafael","provincia":"Mendoza","pais":"Argentina","tel1":"260-4670458","tel2":"","email":"abalosnautica@hotmail.com","url":"","latitude":"-34.619103","longitude":"-68.361706","servicio":"1","concesionario":"1","localidad_filter":"concesionario servicio mendoza","habilitado":"1","created_at":"2022-06-01 13:20:11","updated_at":"2022-06-01 13:20:11"},
{"id":"90","orden":null,"nombre":"NAUTICA SOZA","direccion":"Av. Santa Catalina 3016","ciudad":"Posadas","provincia":"Misiones","pais":"Argentina","tel1":"376 4328535","tel2":"376 4325783","email":"ventas@nauticasoza.com","url":"","latitude":"-27.376642","longitude":"-55.910503","servicio":"1","concesionario":"1","localidad_filter":"concesionario servicio misiones","habilitado":"1","created_at":"2022-06-01 13:20:11","updated_at":"2022-06-01 13:20:11"},
{"id":"91","orden":null,"nombre":"NAUTICA NOLFF","direccion":"Ruta Prov. 17 N° 1123","ciudad":"El Dorado","provincia":"Misiones","pais":"Argentina","tel1":"03751-421671","tel2":"","email":"nauticanolff@arnetbiz.com.ar","url":"","latitude":"-26.4037099","longitude":"-54.629537","servicio":"1","concesionario":"1","localidad_filter":"concesionario servicio misiones","habilitado":"1","created_at":"2022-06-01 13:20:11","updated_at":"2022-06-01 13:20:11"},
{"id":"92","orden":null,"nombre":"NAUTICA FIORETTI","direccion":"San Martín 3420","ciudad":"Neuquén","provincia":"Neuquén","pais":"Argentina","tel1":"0299-4462033","tel2":"","email":"nauticafioretti@gmail.com","url":"","latitude":"-38.9548933","longitude":"-68.1065594","servicio":"0","concesionario":"1","localidad_filter":"concesionario neuquen","habilitado":"1","created_at":"2022-06-01 13:20:11","updated_at":"2022-06-01 13:20:11"},
{"id":"93","orden":null,"nombre":"ESTEBAN ROOZ","direccion":"Coronel Díaz 369","ciudad":"San Martín de los Andes","provincia":"Neuquen","pais":"Argentina","tel1":"2944 619299","tel2":"","email":"nauticaeroosz@smandes.com.ar","url":"","latitude":"-40.154961","longitude":"-71.3597739","servicio":"1","concesionario":"1","localidad_filter":"concesionario servicio neuquen","habilitado":"1","created_at":"2022-06-01 13:20:11","updated_at":"2022-06-01 13:20:11"},
{"id":"94","orden":null,"nombre":"NAUTICA EL CARPINCHO","direccion":"Av. Gallardo 219 ","ciudad":"San Carlos de Bariloche","provincia":"Río Negro","pais":"Argentina","tel1":"294-4717224, 294-4433239","tel2":"294-4433239","email":"carpinchofly@gmail.com","url":"","latitude":"-41.137122","longitude":"-71.305585","servicio":"1","concesionario":"1","localidad_filter":"concesionario servicio rio_negro","habilitado":"1","created_at":"2022-06-01 13:20:11","updated_at":"2023-05-23 13:31:42"},
{"id":"95","orden":null,"nombre":"NAUTICA LENA","direccion":"Av. Exequiel Bustillo 13100","ciudad":"San Carlos de Bariloche","provincia":"Río Negro","pais":"Argentina","tel1":"0294-4461632","tel2":"","email":"c_lena@bariloche.com.ar","url":"","latitude":"-41.0998497","longitude":"-71.4462049","servicio":"1","concesionario":"1","localidad_filter":"concesionario servicio rio_negro","habilitado":"1","created_at":"2022-06-01 13:20:11","updated_at":"2022-06-01 13:20:11"},
{"id":"96","orden":null,"nombre":"TODO NAUTICA","direccion":"Ruta Nacional 151 KM. 4,5","ciudad":"Cipoletti","provincia":"Río Negro","pais":"Argentina","tel1":"0299-154202469","tel2":"","email":"todo.nautica@hotmail.com","url":"","latitude":"-38.939978","longitude":"-68.012723","servicio":"1","concesionario":"1","localidad_filter":"concesionario servicio rio_negro","habilitado":"1","created_at":"2022-06-01 13:20:11","updated_at":"2022-06-01 13:20:11"},
{"id":"97","orden":null,"nombre":"NAUTICA LA HUELLA","direccion":"Sarmiento y Dorrego","ciudad":"El Bolsón","provincia":"Río Negro","pais":"Argentina","tel1":"0294-4483608","tel2":"","email":"bolsonhuella@hotmail.com","url":"","latitude":"-41.9671452","longitude":"-71.5134077","servicio":"0","concesionario":"1","localidad_filter":"concesionario rio_negro","habilitado":"1","created_at":"2022-06-01 13:20:11","updated_at":"2022-06-01 13:20:11"},
{"id":"98","orden":null,"nombre":"NAVAL PATAGONIA","direccion":"Mitre 1551","ciudad":"General Roca","provincia":"Río Negro","pais":"Argentina","tel1":"0298-154684202","tel2":"","email":"navalpatagonia@gmail.com","url":"","latitude":"-39.025855","longitude":"-67.585905","servicio":"1","concesionario":"1","localidad_filter":"concesionario servicio rio_negro","habilitado":"1","created_at":"2022-06-01 13:20:11","updated_at":"2022-06-01 13:20:11"},
{"id":"99","orden":null,"nombre":"ECONAUTICA","direccion":"Rivadavia 256","ciudad":"Villa Regina","provincia":"Río Negro","pais":"Argentina","tel1":"0298-4463453","tel2":"","email":"lacolla@navego.com.ar","url":"","latitude":"-39.094555","longitude":"-67.081852","servicio":"0","concesionario":"1","localidad_filter":"concesionario rio_negro","habilitado":"1","created_at":"2022-06-01 13:20:11","updated_at":"2022-06-01 13:20:11"},
{"id":"100","orden":null,"nombre":"NAUTICA TURISENDO","direccion":"Av. San Martín 4270","ciudad":"Rosario","provincia":"Santa Fe","pais":"Argentina","tel1":"0341-4632771","tel2":"","email":"turisendo@ciudad.com.ar","url":"","latitude":"-32.9870004","longitude":"-60.645926","servicio":"1","concesionario":"1","localidad_filter":"concesionario servicio santa_fe","habilitado":"1","created_at":"2022-06-01 13:20:11","updated_at":"2022-06-01 13:20:11"},
{"id":"101","orden":null,"nombre":"ASTILLERO ALEN","direccion":"Presidente Quintana 2258","ciudad":"Rosario","provincia":"Santa Fe","pais":"Argentina","tel1":"0341-4314986","tel2":"","email":"astillerosalen@hotmail.com","url":"","latitude":"-32.9794674","longitude":"-60.6631532","servicio":"0","concesionario":"1","localidad_filter":"concesionario rosario","habilitado":"1","created_at":"2022-06-01 13:20:11","updated_at":"2022-06-01 13:20:11"},
{"id":"102","orden":null,"nombre":"NÁUTICA PARQUE","direccion":"Chiclana 1065","ciudad":"Rosario","provincia":"Santa Fe","pais":"Argentina","tel1":"341 5505505","tel2":"3415505507","email":"nauticaparque@hotmail.com","url":"","latitude":"-32.9033292","longitude":"-60.6941241","servicio":"0","concesionario":"1","localidad_filter":"concesionario santa_fe","habilitado":"1","created_at":"2022-06-01 13:20:11","updated_at":"2023-05-12 16:23:40"},
{"id":"103","orden":null,"nombre":"INDIANAUTICA","direccion":"Av. Córdoba 4354","ciudad":"Rosario","provincia":"Santa Fe","pais":"Argentina","tel1":"0341-4380110","tel2":"","email":"info@indianautica.com","url":"","latitude":"-32.9384187","longitude":"-60.6826218","servicio":"1","concesionario":"1","localidad_filter":"concesionario servicio santa_fe","habilitado":"1","created_at":"2022-06-01 13:20:11","updated_at":"2022-06-01 13:20:11"},
{"id":"104","orden":null,"nombre":"ASTILLERO ATUEL","direccion":"Godoy Cruz 1194","ciudad":"Rosario","provincia":"Santa Fe","pais":"Argentina","tel1":"0341-156366099","tel2":"","email":"astilleroatuelrosario@gmail.com","url":"","latitude":"-32.890934","longitude":"-60.699352","servicio":"0","concesionario":"1","localidad_filter":"concesionario rosario","habilitado":"1","created_at":"2022-06-01 13:20:11","updated_at":"2022-06-01 13:20:11"},
{"id":"105","orden":null,"nombre":"NAUTICA ATLANTIDA","direccion":"Av. Arijón 1939","ciudad":"Rosario","provincia":"Santa Fe","pais":"Argentina","tel1":"0341-4618948","tel2":"","email":"nauticaatlantida@gmail.com","url":"www.nauticaatlantida.com.ar","latitude":"-33.0032231","longitude":"-60.6611027","servicio":"1","concesionario":"1","localidad_filter":"concesionario servicio Santa Fe","habilitado":"1","created_at":"2022-06-01 13:20:11","updated_at":"2022-06-01 13:20:11"},
{"id":"106","orden":null,"nombre":"CANIGO SALTA S.A.","direccion":"Caseros 737","ciudad":"Salta","provincia":"Salta","pais":"Argentina","tel1":"03874-318311","tel2":"","email":"canigosalta@yahoo.com.ar","url":"","latitude":"-24.7896495","longitude":"-65.4129265","servicio":"1","concesionario":"1","localidad_filter":"concesionario servicio salta","habilitado":"1","created_at":"2022-06-01 13:20:11","updated_at":"2022-06-01 13:20:11"},
{"id":"107","orden":null,"nombre":"CORREA JORGE","direccion":"Colón Norte 2502 (Barrio Santa Lucía)","ciudad":"San Juan","provincia":"San Juan","pais":"Argentina","tel1":"0264-4311864","tel2":"","email":"jorgecorrea.actionboats@hotmail.com","url":"","latitude":"-31.5170784","longitude":"-68.4962616","servicio":"1","concesionario":"1","localidad_filter":"concesionario servicio san_juan","habilitado":"1","created_at":"2022-06-01 13:20:11","updated_at":"2022-06-01 13:20:11"},
{"id":"108","orden":null,"nombre":"NAUTICA DANIEL PUCCHIO","direccion":"Av Córdoba 1547","ciudad":"Puerto General San Martín","provincia":"Santa Fe","pais":"Argentina","tel1":"03476-447554","tel2":"","email":"daniel_pucchio@hotmail.com","url":"","latitude":"-32.715649","longitude":"-60.741822","servicio":"1","concesionario":"1","localidad_filter":"concesionario servicio santa_fe","habilitado":"1","created_at":"2022-06-01 13:20:11","updated_at":"2022-06-01 13:20:11"},
{"id":"109","orden":null,"nombre":"NÁUTICA RIO CORONDA","direccion":"Gral. Lopez y España","ciudad":"Coronda","provincia":"Santa Fe","pais":"Argentina","tel1":"0342-4911591","tel2":"0342-4188573","email":"nauticarc@arnet.com.ar","url":"","latitude":"-31.969252","longitude":"-60.9156","servicio":"1","concesionario":"1","localidad_filter":"concesionario servicio santa_fe","habilitado":"1","created_at":"2022-06-01 13:20:11","updated_at":"2022-06-01 13:20:11"},
{"id":"110","orden":null,"nombre":"ARMERIA Y NAUTICA PATO PICAZO","direccion":"Janssen 1721","ciudad":"Esperanza","provincia":"Santa Fe","pais":"Argentina","tel1":"03496-429331","tel2":"","email":"sebastianfalcone@hotmail.com","url":"","latitude":"-31.4502637","longitude":"-60.9385705","servicio":"0","concesionario":"1","localidad_filter":"concesionario santa_fe","habilitado":"1","created_at":"2022-06-01 13:20:11","updated_at":"2022-06-01 13:20:11"},
{"id":"111","orden":null,"nombre":"NAUTICA MARTIN","direccion":"Marcos Avellaneda 530","ciudad":"Esperanza","provincia":"Santa Fe","pais":"Argentina","tel1":"03496-421754","tel2":"","email":"nauticaycampo@hotmail.com","url":"","latitude":"-31.4564911","longitude":"-60.9212186","servicio":"1","concesionario":"1","localidad_filter":"concesionario servicio santa_fe","habilitado":"1","created_at":"2022-06-01 13:20:11","updated_at":"2022-06-01 13:20:11"},
{"id":"112","orden":null,"nombre":"NAUTICA RAFAELA","direccion":"Av. Santa Fé 2721","ciudad":"Rafaela","provincia":"Santa Fe","pais":"Argentina","tel1":"03492-430483","tel2":"","email":"tracmagro@hotmail.com","url":"","latitude":"-31.2597103","longitude":"-61.4510078","servicio":"1","concesionario":"1","localidad_filter":"concesionario servicio santa_fe","habilitado":"1","created_at":"2022-06-01 13:20:11","updated_at":"2022-06-01 13:20:11"},
{"id":"113","orden":null,"nombre":"DELFIN NÁUTICA","direccion":"Av. Leandro N. Alem 3190","ciudad":"Santa Fe","provincia":"Santa Fe","pais":"Argentina","tel1":"0342-4562233","tel2":"","email":"ventas@delfinnautica.com.ar","url":"","latitude":"-31.6450367","longitude":"-60.6931343","servicio":"1","concesionario":"1","localidad_filter":"concesionario servicio santa_fe","habilitado":"1","created_at":"2022-06-01 13:20:11","updated_at":"2022-06-01 13:20:11"},
{"id":"114","orden":null,"nombre":"ASTILLERO DELFIN","direccion":"C. Remondino 927","ciudad":"San Lorenzo","provincia":"Santa Fe","pais":"Argentina","tel1":"03476-427798","tel2":"","email":"astillerodelfin@yahoo.com.ar","url":"","latitude":"-32.7669059","longitude":"-60.7439043","servicio":"1","concesionario":"1","localidad_filter":"concesionario servicio santa_fe","habilitado":"1","created_at":"2022-06-01 13:20:11","updated_at":"2022-06-01 13:20:11"},
{"id":"115","orden":null,"nombre":"GRUPO D'ALESSANDRO","direccion":"Santiago del Estero 540","ciudad":"San Lorenzo","provincia":"Santa Fe","pais":"Argentina","tel1":"03476-422710","tel2":"","email":"administracion@grupodalessandro.com.ar","url":"","latitude":"-32.7413028","longitude":"-60.7329364","servicio":"1","concesionario":"1","localidad_filter":"concesionario servicio santa_fe","habilitado":"1","created_at":"2022-06-01 13:20:11","updated_at":"2022-06-01 13:20:11"},
{"id":"116","orden":null,"nombre":"NÁUTICA SAN LORENZO DE JUAN VRANIC","direccion":"Av. San Martín 2455","ciudad":"San Lorenzo","provincia":"Santa Fe","pais":"Argentina","tel1":"03476-422688","tel2":"","email":"nauticavranic@hotmail.com","url":"","latitude":"-32.7376146","longitude":"-60.7339683","servicio":"1","concesionario":"1","localidad_filter":"concesionario servicio santa_fe","habilitado":"1","created_at":"2022-06-01 13:20:11","updated_at":"2022-06-01 13:20:11"},
{"id":"117","orden":null,"nombre":"ASTILLERO TORTOLINI","direccion":"14 de Febrero 2025","ciudad":"Villa Constitución","provincia":"Santa Fe","pais":"Argentina","tel1":"03400-471238","tel2":"","email":"silvina_tortolini@arnet.com.ar","url":"","latitude":"-33.2321506","longitude":"-60.3439735","servicio":"1","concesionario":"1","localidad_filter":"concesionario servicio santa_fe","habilitado":"1","created_at":"2022-06-01 13:20:11","updated_at":"2022-06-01 13:20:11"},
{"id":"118","orden":null,"nombre":"ASTILLERO ALTOS MARINE","direccion":"Av. San Martín 3326","ciudad":"Villa Gobernador Gálvez","provincia":"Santa Fe","pais":"Argentina","tel1":"0341-5186298","tel2":"","email":"whitehunterone@hotmail.com","url":"","latitude":"-33.0404101","longitude":"-60.611803","servicio":"0","concesionario":"1","localidad_filter":"concesionario santa_fe","habilitado":"1","created_at":"2022-06-01 13:20:11","updated_at":"2022-06-01 13:20:11"},
{"id":"119","orden":null,"nombre":"ANTONIO MOTOS","direccion":"Boulevard Sarmiento 1001","ciudad":"Villa Ocampo","provincia":"Santa Fe","pais":"Argentina","tel1":"03482-468207","tel2":"","email":"antoniomotos@vocampo.com.ar","url":"","latitude":"-28.4731193","longitude":"-59.3673401","servicio":"1","concesionario":"1","localidad_filter":"concesionario servicio santa_fe","habilitado":"1","created_at":"2022-06-01 13:20:11","updated_at":"2022-06-01 13:20:11"},
{"id":"120","orden":null,"nombre":"EL SIRIRI","direccion":"Belgrano 698","ciudad":"San Carlos Centro","provincia":"Santa Fe","pais":"Argentina","tel1":"03404-420579","tel2":"","email":"elsiriri@hotmail.com","url":"","latitude":"-31.7270064","longitude":"-61.0890007","servicio":"1","concesionario":"1","localidad_filter":"concesionario servicio santa_fe","habilitado":"1","created_at":"2022-06-01 13:20:11","updated_at":"2022-06-01 13:20:11"},
{"id":"121","orden":null,"nombre":"ROMBO REPUESTOS","direccion":"Fuegia Basket 610","ciudad":"Ushuaia","provincia":"Tierra del Fuego","pais":"Argentina","tel1":"4745-2529","tel2":"","email":"romborepuestos@speedy.com.ar","url":"","latitude":"-54.8073135","longitude":"-68.3083923","servicio":"1","concesionario":"1","localidad_filter":"concesionario servicio tierra_fuego","habilitado":"1","created_at":"2022-06-01 13:20:11","updated_at":"2022-06-01 13:20:11"},
{"id":"122","orden":null,"nombre":"ISOLA ANDRES","direccion":"Av. Gales 393","ciudad":"Puerto Madryn","provincia":"Chubut","pais":"Argentina","tel1":"0280 15 470-9736","tel2":"","email":"a-isola@hotmail.com","url":"","latitude":"-42.7713922","longitude":"-65.0363774","servicio":"1","concesionario":"1","localidad_filter":"concesionario servicio chubut","habilitado":"1","created_at":"2022-06-01 13:20:11","updated_at":"2022-06-01 13:20:11"},
{"id":"123","orden":null,"nombre":"NÁUTICA DEL PLATA","direccion":"RN 3 - km 962","ciudad":"Carmen de Patagones","provincia":"Buenos Aires","pais":"Argentina","tel1":"116443-8280","tel2":"02920 461812","email":"nauticadelplata@yahoo.com.ar","url":"","latitude":"-40.785412","longitude":"-62.999520","servicio":"1","concesionario":"1","localidad_filter":"concesionario servicio buenos_aires_interior","habilitado":"1","created_at":"2022-06-01 13:20:11","updated_at":"2022-06-01 13:20:11"},
{"id":"124","orden":null,"nombre":"NÁUTICA OESTMAN","direccion":"Arbo Blanco 370 \/ Av. Sarmiento 1685","ciudad":"Resistencia","provincia":"Chaco","pais":"Argentina","tel1":"0362-4441442","tel2":"","email":"nauticaoestmann@hotmail.com","url":"","latitude":"-27.458706","longitude":"-58.984447","servicio":"1","concesionario":"1","localidad_filter":"concesionario servicio chaco","habilitado":"1","created_at":"2022-06-01 13:20:11","updated_at":"2022-06-01 13:20:11"},
{"id":"125","orden":null,"nombre":"SEBASTIAN y LUIS PAZDERA","direccion":"Abra Nueva 1150","ciudad":"San Fernando","provincia":"Buenos Aires","pais":"Argentina","tel1":"011-4745-7084","tel2":"","email":"","url":"","latitude":"-34.434157","longitude":"-58.548149","servicio":"1","concesionario":"1","localidad_filter":"servicio servicio buenos_aires_norte","habilitado":"1","created_at":"2022-06-01 13:20:11","updated_at":"2022-06-01 13:20:11"},
{"id":"126","orden":null,"nombre":"MOTORES MARINOS","direccion":"Alvear 558","ciudad":"San Fernando","provincia":"Buenos Aires","pais":"Argentina","tel1":"011-4746-1599","tel2":"","email":"repuestos@motoresmarinossa.com.ar","url":"","latitude":"-34.432721","longitude":"-58.557336","servicio":"1","concesionario":"1","localidad_filter":"servicio servicio buenos_aires_norte","habilitado":"1","created_at":"2022-06-01 13:20:11","updated_at":"2022-06-01 13:20:11"},
{"id":"127","orden":null,"nombre":"RAUL PAZDERA","direccion":"Astillero Parodi 55","ciudad":"Tigre","provincia":"Buenos Aires","pais":"Argentina","tel1":"011-15 53693344","tel2":"","email":"","url":"","latitude":"-34.418194","longitude":"-58.572777","servicio":"1","concesionario":"1","localidad_filter":"servicio servicio buenos_aires_norte","habilitado":"1","created_at":"2022-06-01 13:20:11","updated_at":"2022-06-01 13:20:11"},
{"id":"128","orden":null,"nombre":"NAUTICA PUCCHIO","direccion":"Av. San Martín 191","ciudad":"Granadero Baigorria","provincia":"Santa Fe","pais":"Argentina","tel1":"0341-4711432","tel2":"","email":"ventas@nauticapucchio.com","url":"","latitude":"-32.869450","longitude":"-60.700169","servicio":"1","concesionario":"1","localidad_filter":"concesionario servicio santa_fe","habilitado":"1","created_at":"2022-06-01 13:20:11","updated_at":"2022-06-01 13:20:11"},
{"id":"129","orden":null,"nombre":"NAUTI STORE","direccion":"Colectora 735, Acc Autop Ros-BsAs ","ciudad":"Arroyo Seco","provincia":"Santa Fe","pais":"Argentina","tel1":"0341-156250392","tel2":"","email":"jorgepucchio@hotmail.com.ar","url":"","latitude":"-33.167186","longitude":"-60.528452","servicio":"1","concesionario":"1","localidad_filter":"concesionario servicio santa fe","habilitado":"1","created_at":"2022-06-01 13:20:11","updated_at":"2022-06-01 13:20:11"},
{"id":"130","orden":null,"nombre":"NÁUTICA CURIONI","direccion":"Mitre 1086","ciudad":"Empedrado","provincia":"Corrientes","pais":"Argentina","tel1":"3794 074444","tel2":"","email":"curionigonzalo@gmail.com","url":"","latitude":"-27.952532","longitude":"-58.807063","servicio":"1","concesionario":"1","localidad_filter":"concesionario servicio corrientes","habilitado":"1","created_at":"2022-06-01 13:20:11","updated_at":"2022-06-01 13:20:11"},
{"id":"131","orden":null,"nombre":"NAUTICA LA TRANQUILA","direccion":"Ruta 1 Km 38","ciudad":"Santa Rosa de Calchines","provincia":"Santa Fe","pais":"Argentina","tel1":"0342-156319885","tel2":"","email":"nauticalatranquila@hotmail.com","url":"NULL","latitude":"-31.418989","longitude":"-60.338238","servicio":"0","concesionario":"1","localidad_filter":"concesionario santa_fe","habilitado":"1","created_at":"2022-06-01 13:20:11","updated_at":"2022-06-01 13:20:11"},
{"id":"132","orden":null,"nombre":"TODO COMERCIAL","direccion":"Sarmiento 1596","ciudad":"Reconquista","provincia":"Santa Fe","pais":"Argentina","tel1":"03482-437070","tel2":"","email":"ventas@todocomercial.com.ar","url":"NULL","latitude":"-29.138855","longitude":"-59.655295","servicio":"1","concesionario":"1","localidad_filter":"concesionario servicio santa fe","habilitado":"1","created_at":"2022-06-01 13:20:11","updated_at":"2022-06-01 13:20:11"},
{"id":"133","orden":null,"nombre":"CAPITÁN YO","direccion":"Julio Balloffet 1352","ciudad":"San Rafael","provincia":"Mendoza","pais":"Argentina","tel1":"2604-805771","tel2":"","email":"pablo@capitanyo.com.ar","url":"","latitude":"-34.624346","longitude":"-68.353060","servicio":"0","concesionario":"1","localidad_filter":"concesionario mendoza","habilitado":"1","created_at":"2022-06-01 13:20:11","updated_at":"2022-06-01 13:20:11"},
{"id":"134","orden":null,"nombre":"SANTA FÉ AVENTURA","direccion":"Salvador del Carril 1952","ciudad":"Santa Fe","provincia":"Santa Fe","pais":"Argentina","tel1":"0342 481-0384","tel2":"","email":"santafeaventura@hotmail.com","url":"NULL","latitude":"-31.619262","longitude":"-60.690877","servicio":"1","concesionario":"1","localidad_filter":"concesionario servicio santa_fe","habilitado":"1","created_at":"2022-06-01 13:20:11","updated_at":"2022-06-01 13:20:11"},
{"id":"135","orden":null,"nombre":"NAUTICA AMANECER","direccion":"Av. del Libertador 294","ciudad":"San Fernando","provincia":"Buenos Aires","pais":"Argentina","tel1":"116546-4885","tel2":"","email":"nauticaamanecer@hotmail.com","url":"","latitude":"-34.434810","longitude":"-58.561361","servicio":"1","concesionario":"1","localidad_filter":"concesionario buenos_aires_norte","habilitado":"0","created_at":"2022-06-01 13:20:11","updated_at":"2022-06-01 13:20:11"},
{"id":"136","orden":null,"nombre":"MARINA DEL ESTE","direccion":"Av. del Libertador 2488","ciudad":"San Fernando","provincia":"Buenos Aires","pais":"Argentina","tel1":"114744-6048","tel2":"","email":"ventas@marinadeleste.com.ar","url":"","latitude":"-34.447087","longitude":"-58.542360","servicio":"0","concesionario":"1","localidad_filter":"concesionario buenos_aires_norte","habilitado":"1","created_at":"2022-06-01 13:20:11","updated_at":"2022-06-01 13:20:11"},
{"id":"137","orden":null,"nombre":"NAUTICA ABASTO","direccion":"José Hernández 371","ciudad":"Wilde","provincia":"Buenos Aires","pais":"Argentina","tel1":"115639-1924","tel2":"","email":"nauticaabasto@hotmail.com","url":"www.nautica2avellaneda.com","latitude":"-34.705931","longitude":"-58.323315","servicio":"1","concesionario":"1","localidad_filter":"concesionario servicio buenos_aires_sur","habilitado":"1","created_at":"2022-06-01 13:20:11","updated_at":"2022-06-01 13:20:11"},
{"id":"138","orden":null,"nombre":"SILVER BOATS","direccion":"Ayacucho 469","ciudad":"San Fernando","provincia":"Buenos Aires","pais":"Argentina","tel1":"114029-6526","tel2":"","email":"info@silverboats.com.ar","url":"","latitude":"-34.437347","longitude":"-58.549677","servicio":"0","concesionario":"1","localidad_filter":"concesionario buenos_aires_norte","habilitado":"1","created_at":"2022-06-01 13:20:11","updated_at":"2022-06-01 13:20:11"},
{"id":"139","orden":null,"nombre":"NAUTICA GRIMOLDI","direccion":"Falucho 273","ciudad":"Ciudadela","provincia":"Buenos Aires","pais":"Argentina","tel1":"116555-1578","tel2":"","email":"nauticaciud@yahoo.com.ar","url":"","latitude":"-34.637369","longitude":"-58.549149","servicio":"0","concesionario":"1","localidad_filter":"concesionario buenos_aires_oeste","habilitado":"1","created_at":"2022-06-01 13:20:11","updated_at":"2022-06-01 13:20:11"},
{"id":"140","orden":null,"nombre":"BAHIA MARINE","direccion":"Charcas 1440","ciudad":"Bahía Blanca","provincia":"Buenos Aires","pais":"Argentina","tel1":"029115416-1234","tel2":"","email":"info@bahiamarine.com.ar","url":"","latitude":"-38.711083","longitude":"-62.244505","servicio":"1","concesionario":"1","localidad_filter":"concesionario servicio buenos_aires_interior","habilitado":"1","created_at":"2022-06-01 13:20:11","updated_at":"2022-06-01 13:20:11"},
{"id":"141","orden":null,"nombre":"NÁUTICA DEL INTENTO","direccion":"Av. 72 N° 1154 ","ciudad":"La Plata","provincia":"Buenos Aires","pais":"Argentina","tel1":"0221-15534-9882","tel2":"","email":"fernandosuperflot@hotmail.com","url":"","latitude":"-34.941882","longitude":"-57.938864","servicio":"0","concesionario":"1","localidad_filter":"concesionario buenos_aires_sur","habilitado":"1","created_at":"2022-06-01 13:20:11","updated_at":"2022-06-01 13:20:11"},
{"id":"142","orden":null,"nombre":"SOLUCION INDUSTRIAL (JAVIER RIAL)","direccion":"Manuel de Arburúa 3061","ciudad":"Comodoro Rivadavia","provincia":"Chubut","pais":"Argentina","tel1":"0297-4116120","tel2":"","email":"solucionindustrial.vp@gmail.com","url":"","latitude":"-45.885160","longitude":"-67.522034","servicio":"0","concesionario":"1","localidad_filter":"concesionario chubut","habilitado":"1","created_at":"2022-06-01 13:20:11","updated_at":"2022-06-01 13:20:11"},
{"id":"143","orden":null,"nombre":"NAUTICA TOPPAZZINI","direccion":"Av. Ameghino 2141","ciudad":"Esquel","provincia":"Chubut","pais":"Argentina","tel1":"0294-15568-3486","tel2":"","email":"toppazzinimotos@gmail.com","url":"","latitude":"-42.906720","longitude":"-71.306433","servicio":"0","concesionario":"1","localidad_filter":"concesionario chubut","habilitado":"1","created_at":"2022-06-01 13:20:11","updated_at":"2022-06-01 13:20:11"},
{"id":"144","orden":null,"nombre":"PICCINI BOATS","direccion":"Dinamarca 29","ciudad":"Villa Carlos Paz","provincia":"Córdoba","pais":"Argentina","tel1":"3541672400","tel2":"","email":"info@picciniboats.com","url":"","latitude":"-31.441353","longitude":"-64.506616","servicio":"0","concesionario":"1","localidad_filter":"concesionario cordoba","habilitado":"1","created_at":"2022-06-01 13:20:11","updated_at":"2022-09-21 18:19:04"},
{"id":"145","orden":null,"nombre":"NAUTICA BERROTARAN","direccion":"Rogelio Martínez 545","ciudad":"Berrotarán","provincia":"Córdoba","pais":"Argentina","tel1":"0358-15402-3184","tel2":"","email":"nauticamartinez@hotmail.com","url":"","latitude":"-32.451740","longitude":"-64.391492","servicio":"0","concesionario":"1","localidad_filter":"concesionario cordoba","habilitado":"1","created_at":"2022-06-01 13:20:11","updated_at":"2022-06-01 13:20:11"},
{"id":"146","orden":null,"nombre":"ALEJANDRO TOLEDO NAUTICA","direccion":"Av. Sarmiento 640","ciudad":"La Cruz","provincia":"Corrientes","pais":"Argentina","tel1":"03722-491632","tel2":"","email":"alejandrotoledoautomotores@hotmail.com","url":"","latitude":"-29.169336","longitude":"-56.642984","servicio":"0","concesionario":"1","localidad_filter":"concesionario corrientes","habilitado":"1","created_at":"2022-06-01 13:20:11","updated_at":"2022-06-01 13:20:11"},
{"id":"147","orden":null,"nombre":"ALMACEN NAUTICO CORRIENTES","direccion":"Hipólito Irigoyen 2419","ciudad":"Corrientes","provincia":"Corrientes","pais":"Argentina","tel1":"0379-406-4452","tel2":"","email":"almacenautico@hotmail.com","url":"","latitude":"-27.470207","longitude":"-58.820165","servicio":"0","concesionario":"1","localidad_filter":"concesionario corrientes","habilitado":"1","created_at":"2022-06-01 13:20:11","updated_at":"2022-06-01 13:20:11"},
{"id":"148","orden":null,"nombre":"NAUTICA ALEM","direccion":"Av. Alem 2150","ciudad":"Chajarí","provincia":"Entre Ríos","pais":"Argentina","tel1":"03456-1542-4170","tel2":"","email":"nauticaalempm@hotmail.com","url":"","latitude":"-30.759818","longitude":"-57.998055","servicio":"0","concesionario":"1","localidad_filter":"concesionario entre_rios","habilitado":"1","created_at":"2022-06-01 13:20:11","updated_at":"2022-06-01 13:20:11"},
{"id":"149","orden":null,"nombre":"NÁUTICA AIRE LIBRE","direccion":"Av. Republica Oriental del Uruguay 4346","ciudad":"Posadas","provincia":"Misiones","pais":"Argentina","tel1":"0376- 15501-1335","tel2":"03765-232332","email":"nauticaairelibre@hotmail.com","url":"","latitude":"-27.388951","longitude":"-55.900609","servicio":"0","concesionario":"1","localidad_filter":"concesionario misiones","habilitado":"1","created_at":"2022-06-01 13:20:11","updated_at":"2022-06-01 13:20:11"},
{"id":"150","orden":null,"nombre":"NAUTICA MENOR HNOS","direccion":"Av. Tierra del Fuego","ciudad":"Posadas","provincia":"Misiones","pais":"Argentina","tel1":"0376 - 4450000","tel2":"","email":"info.menornautica@gmail.com","url":"","latitude":"-27.404717","longitude":"-55.902026","servicio":"0","concesionario":"1","localidad_filter":"concesionario misiones","habilitado":"1","created_at":"2022-06-01 13:20:11","updated_at":"2022-06-01 13:20:11"},
{"id":"151","orden":null,"nombre":"NAUTICA MAQUIMUNDO","direccion":"Las Retamas 274","ciudad":"Villa La Angostura","provincia":"Neuquén","pais":"Argentina","tel1":"0294-154245332","tel2":"","email":"maquimundo@yahoo.com.ar","url":"","latitude":"-40.759989","longitude":"-71.644116","servicio":"0","concesionario":"1","localidad_filter":"concesionario neuquen","habilitado":"1","created_at":"2022-06-01 13:20:11","updated_at":"2022-06-01 13:20:11"},
{"id":"152","orden":null,"nombre":"OUTDOOR EL TIO","direccion":"Balcarce 1164","ciudad":"Santa Fe","provincia":"Santa Fe","pais":"Argentina","tel1":"0342-4062180","tel2":"","email":"nauticaeltio@hotmail.com","url":"","latitude":"-31.639739","longitude":"-60.688086","servicio":"1","concesionario":"1","localidad_filter":"concesionario servicio santa_fe","habilitado":"1","created_at":"2022-06-01 13:20:11","updated_at":"2022-06-01 13:20:11"},
{"id":"153","orden":null,"nombre":"SPORT NAUTICA","direccion":"San Lorenzo 7498","ciudad":"Santa Fe","provincia":"Santa Fe","pais":"Argentina","tel1":"0342-15680-9874","tel2":"","email":"administracion@sportnautica.com.ar","url":"","latitude":"-32.934517","longitude":"-60.722084","servicio":"1","concesionario":"1","localidad_filter":"concesionario servicio santa_fe","habilitado":"1","created_at":"2022-06-01 13:20:11","updated_at":"2022-06-01 13:20:11"},
{"id":"154","orden":null,"nombre":"NÁUTICA SPAJIC","direccion":"Ruta 11 km 567,5 n° 2158","ciudad":"San Justo","provincia":"Santa Fe","pais":"Argentina","tel1":"03498-15442323","tel2":"","email":"alespajic@yahoo.com","url":"","latitude":"-30.785446","longitude":"-60.599594","servicio":"1","concesionario":"1","localidad_filter":"concesionario servicio santa_fe","habilitado":"1","created_at":"2022-06-01 13:20:11","updated_at":"2022-06-01 13:20:11"},
{"id":"155","orden":null,"nombre":"SABA NAUTICA","direccion":"Av. Juan Domingo Perón 1121","ciudad":"Villa Gobernador Galvez","provincia":"Santa Fe","pais":"Argentina","tel1":"0341-3171717","tel2":"","email":"saba-nautica@hotmail.com","url":"","latitude":"-33.014656","longitude":"-60.615362","servicio":"0","concesionario":"1","localidad_filter":"concesionario santa_fe","habilitado":"1","created_at":"2022-06-01 13:20:11","updated_at":"2022-06-01 13:20:11"},
{"id":"156","orden":null,"nombre":"NAUTICA KM 0","direccion":"Ruta Provincial N°1 - Km 3,5","ciudad":"Colastine","provincia":"Santa Fe","pais":"Argentina","tel1":"0342-4981213","tel2":"","email":"nauticakm0@yahoo.com.ar","url":"","latitude":"-31.622692","longitude":"-60.598482","servicio":"1","concesionario":"1","localidad_filter":"concesionario servicio santa_fe","habilitado":"1","created_at":"2022-06-01 13:20:11","updated_at":"2022-06-01 13:20:11"},
{"id":"157","orden":null,"nombre":"NAUTICA PUEBLO ESTHER","direccion":"Colectora Alberdi N° 2011","ciudad":"Pueblo Esther","provincia":"Santa Fe","pais":"Argentina","tel1":"0341-15372-8730","tel2":"","email":"nauticapuebloesther@gmail.com","url":"","latitude":"-33.072940","longitude":"-60.578294","servicio":"0","concesionario":"1","localidad_filter":"concesionario santa_fe","habilitado":"1","created_at":"2022-06-01 13:20:11","updated_at":"2022-06-01 13:20:11"},
{"id":"158","orden":null,"nombre":"ASTILLERO LAFRANCHI","direccion":"25 de Mayo 589","ciudad":"San Fernando ","provincia":"Buenos Aires","pais":"Argentina","tel1":"4745-3244","tel2":"","email":"astillerolafranchi@yahoo.com.ar","url":"","latitude":"-34.435459","longitude":"-58.5544708","servicio":"1","concesionario":"1","localidad_filter":"concesionario servicio buenos_aires_norte","habilitado":"1","created_at":"2022-06-01 13:20:11","updated_at":"2022-06-01 13:20:11"},
{"id":"159","orden":null,"nombre":"SERVICIO TORRILLA","direccion":"Av. Arrayanes 757","ciudad":"Villa La Angostura","provincia":"Neuquén","pais":"Argentina","tel1":"011-1540249591","tel2":"","email":"serviciosrubentorrilla@gmail.com","url":"","latitude":"-40.762630","longitude":"-71.637503","servicio":"1","concesionario":"0","localidad_filter":"servicio Neuquen","habilitado":"1","created_at":"2022-06-01 13:20:11","updated_at":"2022-06-01 13:20:11"},
{"id":"160","orden":null,"nombre":"QUEST YACHTS","direccion":"Santa Rosa 33","ciudad":"Tigre","provincia":"Buenos Aires","pais":"Argentina","tel1":"4897 6935","tel2":"116537-5225","email":"info@questyachts.com","url":null,"latitude":"-34.438137","longitude":"-58.572626","servicio":null,"concesionario":null,"localidad_filter":"concesionario buenos_aires_norte","habilitado":"1","created_at":"2022-06-01 13:20:11","updated_at":"2022-06-01 13:20:11"},
{"id":"161","orden":null,"nombre":"JTR DESIGN","direccion":"Rio Sarmiento 342","ciudad":"Tigre","provincia":"Buenos Aires","pais":"Argentina","tel1":"116044 5484","tel2":"","email":"jtrdesign@hotmail.com","url":null,"latitude":"-34.386554","longitude":"-58.563765","servicio":null,"concesionario":null,"localidad_filter":"concesionario servicio buenos_aires_norte","habilitado":"1","created_at":"2022-06-01 13:20:11","updated_at":"2022-06-01 13:20:11"},
{"id":"162","orden":null,"nombre":"MOTONAUTICA CURUZU","direccion":"Caá Guazu 965","ciudad":"Curuzú Cuatiá","provincia":"Corrientes","pais":"Argentina","tel1":"03774-421822","tel2":"","email":"motonauticacuruzu@hotmail.com","url":null,"latitude":"-29.788785","longitude":"-58.059027","servicio":null,"concesionario":null,"localidad_filter":"concesionario corrientes","habilitado":"1","created_at":"2022-06-01 13:20:11","updated_at":"2022-06-01 13:20:11"},
{"id":"163","orden":null,"nombre":"NAUTICA HARTEL","direccion":"Ruta 151, km 0.5","ciudad":"Cipoletti","provincia":"Río Negro","pais":"Argentina","tel1":"+542994773453","tel2":"","email":"","url":"","latitude":"-38.938169","longitude":"-68.012393","servicio":"0","concesionario":"1","localidad_filter":"concesionario  rio_negro","habilitado":"1","created_at":"2022-06-01 13:20:11","updated_at":"2022-06-01 13:20:11"},
{"id":"164","orden":null,"nombre":"NÁUTICA AMANECER","direccion":"Av. del Libertador 294","ciudad":"San Fernando","provincia":"Buenos Aires","pais":"Argentina","tel1":"+54 911 4408-3410","tel2":"","email":"","url":"","latitude":"-34.43481","longitude":"-58.561352","servicio":"1","concesionario":"1","localidad_filter":"concesionario servicio buenos_aires_norte","habilitado":"1","created_at":"2022-06-01 13:20:11","updated_at":"2022-06-01 13:20:11"},
{"id":"165","orden":"1","nombre":"Iwan Patagonia","direccion":"Isla Victoria 725","ciudad":"San Carlos de Bariloche","provincia":"Río Negro","pais":"Argentina","tel1":"294-4901004","tel2":"","email":"iwanpatagonia@gmail.com","url":"","latitude":"-41.152534","longitude":"-71.405773","servicio":"1","concesionario":"1","localidad_filter":"concesionario servicio rio_negro","habilitado":"1","created_at":"2023-07-06 10:19:07","updated_at":"2023-07-10 14:20:34"}
]
